NDB_No,Nutrient_Code,Nutrient_name,Derivation_Code,Output_value,Output_uom
45001846,203,Protein,LCCS,7.5,g
45001846,204,Total lipid (fat),LCCS,42.5,g
45001846,205,"Carbohydrate, by difference",LCCS,47.5,g
45001846,208,Energy,LCCS,600.0,kcal
45001846,269,"Sugars, total",LCCS,40.0,g
45001846,291,"Fiber, total dietary",LCCS,5.0,g
45001846,301,"Calcium, Ca",LCCD,100.0,mg
45001846,303,"Iron, Fe",LCCD,1.8,mg
45001846,307,"Sodium, Na",LCCS,88.0,mg
45001846,318,"Vitamin A, IU",LCCD,0.0,IU
45001846,401,"Vitamin C, total ascorbic acid",LCCD,0.0,mg
45001846,601,Cholesterol,LCSL,12.0,mg
45001846,605,"Fatty acids, total trans",LCCS,0.0,g
45001846,606,"Fatty acids, total saturated",LCCS,17.5,g
45001850,203,Protein,LCCS,7.69,g
45001850,204,Total lipid (fat),LCCS,9.62,g
45001850,205,"Carbohydrate, by difference",LCCS,50.0,g
45001850,208,Energy,LCCS,308.0,kcal
45001850,269,"Sugars, total",LCCS,7.69,g
45001850,291,"Fiber, total dietary",LCSL,3.8,g
45001850,301,"Calcium, Ca",LCCD,77.0,mg
45001850,303,"Iron, Fe",LCCD,1.38,mg
45001850,307,"Sodium, Na",LCCS,1346.0,mg
45001850,318,"Vitamin A, IU",LCCD,385.0,IU
45001850,401,"Vitamin C, total ascorbic acid",LCCD,0.0,mg
45001850,601,Cholesterol,LCCS,19.0,mg
45001850,605,"Fatty acids, total trans",LCCS,0.0,g
45001850,606,"Fatty acids, total saturated",LCCS,5.77,g
45001851,203,Protein,LCCS,6.67,g
45001851,204,Total lipid (fat),LCCS,1.11,g
45001851,205,"Carbohydrate, by difference",LCCS,75.56,g
45001851,208,Energy,LCCS,333.0,kcal
45001851,307,"Sodium, Na",LCCD,0.0,mg
45001928,203,Protein,LCCS,2.35,g
45001928,204,Total lipid (fat),LCCD,0.0,g
45001928,205,"Carbohydrate, by difference",LCCS,3.53,g
45001928,208,Energy,LCCS,24.0,kcal
45001928,269,"Sugars, total",LCSL,1.18,g
45001928,291,"Fiber, total dietary",LCCS,2.4,g
45001928,301,"Calcium, Ca",LCCD,118.0,mg
45001928,303,"Iron, Fe",LCCD,1.69,mg
45001928,304,"Magnesium, Mg",LCCD,47.0,mg
45001928,306,"Potassium, K",LCCS,435.0,mg
45001928,307,"Sodium, Na",LCCS,112.0,mg
45001928,315,"Manganese, Mn",LCCD,0.0,mg
45001928,318,"Vitamin A, IU",LCCD,7059.0,IU
45001928,401,"Vitamin C, total ascorbic acid",LCCD,49.4,mg
45001928,417,"Folate, total",LCCD,94.0,mcg
45001928,430,Vitamin K (phylloquinone),LCCD,442.4,mcg
45001928,601,Cholesterol,LCCD,0.0,mg
45001928,605,"Fatty acids, total trans",LCCS,0.0,g
45001928,606,"Fatty acids, total saturated",LCCD,0.0,g
45002000,203,Protein,LCCS,25.0,g
45002000,204,Total lipid (fat),LCCS,50.0,g
45002000,205,"Carbohydrate, by difference",LCCS,18.75,g
45002000,208,Energy,LCCS,625.0,kcal
45002000,269,"Sugars, total",LCCS,6.25,g
45002000,291,"Fiber, total dietary",LCCS,9.4,g
45002000,301,"Calcium, Ca",LCCD,0.0,mg
45002000,303,"Iron, Fe",LCCD,2.25,mg
45002000,307,"Sodium, Na",LCCS,375.0,mg
45002000,318,"Vitamin A, IU",LCCD,0.0,IU
45002000,401,"Vitamin C, total ascorbic acid",LCCD,0.0,mg
45002000,601,Cholesterol,LCCD,0.0,mg
45002000,605,"Fatty acids, total trans",LCCS,0.0,g
45002000,606,"Fatty acids, total saturated",LCCS,10.94,g
45002042,203,Protein,LCCS,16.36,g
45002042,204,Total lipid (fat),LCCS,5.45,g
45002042,205,"Carbohydrate, by difference",LCCS,69.09,g
45002042,208,Energy,LCCS,364.0,kcal
45002042,269,"Sugars, total",LCCS,16.36,g
45002042,291,"Fiber, total dietary",LCCS,16.4,g
45002042,301,"Calcium, Ca",LCCD,36.0,mg
45002042,303,"Iron, Fe",LCCD,4.91,mg
45002042,307,"Sodium, Na",LCCS,418.0,mg
45002042,318,"Vitamin A, IU",LCCD,0.0,IU
45002042,401,"Vitamin C, total ascorbic acid",LCCD,2.2,mg
45002042,601,Cholesterol,LCCD,0.0,mg
45002042,605,"Fatty acids, total trans",LCCS,0.0,g
45002042,606,"Fatty acids, total saturated",LCCD,0.0,g
45002042,645,"Fatty acids, total monounsaturated",LCCS,0.0,g
45002042,646,"Fatty acids, total polyunsaturated",LCCS,2.73,g
45002108,203,Protein,LCCS,0.0,g
45002108,204,Total lipid (fat),LCCS,64.29,g
45002108,205,"Carbohydrate, by difference",LCCD,0.0,g
45002108,208,Energy,LCCS,643.0,kcal
45002108,307,"Sodium, Na",LCCS,500.0,mg
45002108,601,Cholesterol,LCCD,0.0,mg
45002108,605,"Fatty acids, total trans",LCCS,0.0,g
45002108,606,"Fatty acids, total saturated",LCCS,3.57,g
45002108,645,"Fatty acids, total monounsaturated",LCCS,42.86,g
45002108,646,"Fatty acids, total polyunsaturated",LCCS,17.86,g
45002119,203,Protein,LCCS,1.67,g
45002119,204,Total lipid (fat),LCCD,0.0,g
45002119,205,"Carbohydrate, by difference",LCCS,5.0,g
45002119,208,Energy,LCCS,33.0,kcal
45002119,269,"Sugars, total",LCCS,3.33,g
45002119,291,"Fiber, total dietary",LCCS,1.7,g
45002119,301,"Calcium, Ca",LCCD,33.0,mg
45002119,303,"Iron, Fe",LCCD,1.2,mg
45002119,304,"Magnesium, Mg",LCCD,27.0,mg
45002119,306,"Potassium, K",LCCS,283.0,mg
45002119,307,"Sodium, Na",LCCD,0.0,mg
45002119,318,"Vitamin A, IU",LCCD,1250.0,IU
45002119,401,"Vitamin C, total ascorbic acid",LCCD,15.0,mg
45002119,404,Thiamin,LCCD,0.0,mg
45002119,405,Riboflavin,LCCD,0.113,mg
45002119,406,Niacin,LCCD,1.333,mg
45002119,601,Cholesterol,LCCD,0.0,mg
45002119,605,"Fatty acids, total trans",LCCS,0.0,g
45002119,606,"Fatty acids, total saturated",LCCD,0.0,g
45002246,203,Protein,LCCS,0.0,g
45002246,204,Total lipid (fat),LCCD,0.0,g
45002246,205,"Carbohydrate, by difference",LCCS,10.83,g
45002246,208,Energy,LCCS,42.0,kcal
45002246,269,"Sugars, total",LCCS,9.17,g
45002246,306,"Potassium, K",LCCS,192.0,mg
45002246,307,"Sodium, Na",LCCD,0.0,mg
45002246,401,"Vitamin C, total ascorbic acid",LCCD,25.0,mg
45002510,203,Protein,LCCS,0.83,g
45002510,204,Total lipid (fat),LCCD,0.0,g
45002510,205,"Carbohydrate, by difference",LCCS,3.31,g
45002510,208,Energy,LCCS,21.0,kcal
45002510,269,"Sugars, total",LCCS,2.48,g
45002510,291,"Fiber, total dietary",LCCS,0.8,g
45002510,301,"Calcium, Ca",LCCD,17.0,mg
45002510,303,"Iron, Fe",LCCD,0.6,mg
45002510,307,"Sodium, Na",LCCS,149.0,mg
45002510,318,"Vitamin A, IU",LCCD,413.0,IU
45002510,401,"Vitamin C, total ascorbic acid",LCCD,9.9,mg
45002510,601,Cholesterol,LCCD,0.0,mg
45002510,605,"Fatty acids, total trans",LCCS,0.0,g
45002510,606,"Fatty acids, total saturated",LCCD,0.0,g
45002557,203,Protein,LCCS,7.41,g
45002557,204,Total lipid (fat),LCCD,0.0,g
45002557,205,"Carbohydrate, by difference",LCCS,88.89,g
45002557,208,Energy,LCCS,370.0,kcal
45002557,269,"Sugars, total",LCCS,55.56,g
45002557,284,"Carbohydrate, other",LCCS,33.0,g
45002557,291,"Fiber, total dietary",LCCS,3.7,g
45002557,301,"Calcium, Ca",LCCD,0.0,mg
45002557,303,"Iron, Fe",LCCD,6.67,mg
45002557,304,"Magnesium, Mg",LCCD,59.0,mg
45002557,305,"Phosphorus, P",LCCD,148.0,mg
45002557,306,"Potassium, K",LCCS,167.0,mg
45002557,307,"Sodium, Na",LCCS,241.0,mg
45002557,309,"Zinc, Zn",LCCD,5.56,mg
45002557,312,"Copper, Cu",LCCD,0.148,mg
45002557,318,"Vitamin A, IU",LCCD,1852.0,IU
45002557,324,Vitamin D,LCCD,148.0,IU
45002557,401,"Vitamin C, total ascorbic acid",LCCD,22.2,mg
45002557,404,Thiamin,LCCD,1.0,mg
45002557,405,Riboflavin,LCCD,1.574,mg
45002557,406,Niacin,LCCD,18.519,mg
45002557,415,Vitamin B-6,LCCD,1.852,mg
45002557,418,Vitamin B-12,LCCD,5.56,mcg
45002557,601,Cholesterol,LCCD,0.0,mg
45002557,605,"Fatty acids, total trans",LCCS,0.0,g
45002557,606,"Fatty acids, total saturated",LCCD,0.0,g
45002557,645,"Fatty acids, total monounsaturated",LCCS,0.0,g
45002557,646,"Fatty acids, total polyunsaturated",LCCS,0.0,g
45002615,203,Protein,LCCS,8.57,g
45002615,204,Total lipid (fat),LCCS,5.71,g
45002615,205,"Carbohydrate, by difference",LCCS,51.43,g
45002615,208,Energy,LCCS,257.0,kcal
45002615,269,"Sugars, total",LCCS,0.0,g
45002615,291,"Fiber, total dietary",LCSL,2.9,g
45002615,301,"Calcium, Ca",LCCD,57.0,mg
45002615,303,"Iron, Fe",LCCD,0.0,mg
45002615,307,"Sodium, Na",LCCS,686.0,mg
45002615,318,"Vitamin A, IU",LCCD,0.0,IU
45002615,401,"Vitamin C, total ascorbic acid",LCCD,0.0,mg
45002615,601,Cholesterol,LCCD,0.0,mg
45002615,605,"Fatty acids, total trans",LCCS,0.0,g
45002615,606,"Fatty acids, total saturated",LCCD,0.0,g
45002672,203,Protein,LCCS,7.14,g
45002672,204,Total lipid (fat),LCCS,21.43,g
45002672,205,"Carbohydrate, by difference",LCCS,67.86,g
45002672,208,Energy,LCCS,500.0,kcal
45002672,269,"Sugars, total",LCCS,0.0,g
45002672,291,"Fiber, total dietary",LCCS,3.6,g
45002672,301,"Calcium, Ca",LCCD,143.0,mg
45002672,303,"Iron, Fe",LCCD,1.29,mg
45002672,307,"Sodium, Na",LCCS,196.0,mg
45002672,318,"Vitamin A, IU",LCCD,0.0,IU
45002672,401,"Vitamin C, total ascorbic acid",LCCD,0.0,mg
45002672,601,Cholesterol,LCCD,0.0,mg
45002672,605,"Fatty acids, total trans",LCCS,0.0,g
45002672,606,"Fatty acids, total saturated",LCCS,1.79,g
45002682,203,Protein,LCCS,7.14,g
45002682,204,Total lipid (fat),LCCS,21.43,g
45002682,205,"Carbohydrate, by difference",LCCS,67.86,g
45002682,208,Energy,LCCS,500.0,kcal
45002682,269,"Sugars, total",LCCS,0.0,g
45002682,291,"Fiber, total dietary",LCCS,7.1,g
45002682,301,"Calcium, Ca",LCCD,0.0,mg
45002682,303,"Iron, Fe",LCCD,2.57,mg
45002682,307,"Sodium, Na",LCCS,179.0,mg
45002682,318,"Vitamin A, IU",LCCD,0.0,IU
45002682,401,"Vitamin C, total ascorbic acid",LCCD,0.0,mg
45002682,601,Cholesterol,LCCD,0.0,mg
45002682,605,"Fatty acids, total trans",LCCS,0.0,g
45002682,606,"Fatty acids, total saturated",LCCS,3.57,g
45002840,203,Protein,LCCS,5.0,g
45002840,204,Total lipid (fat),LCCS,6.0,g
45002840,205,"Carbohydrate, by difference",LCCS,59.0,g
45002840,208,Energy,LCCS,300.0,kcal
45002840,269,"Sugars, total",LCCS,30.0,g
45002840,291,"Fiber, total dietary",LCCS,3.0,g
45002840,301,"Calcium, Ca",LCCD,20.0,mg
45002840,303,"Iron, Fe",LCCD,0.36,mg
45002840,307,"Sodium, Na",LCCS,370.0,mg
45002840,318,"Vitamin A, IU",LCCD,0.0,IU
45002840,401,"Vitamin C, total ascorbic acid",LCCD,0.0,mg
45002840,601,Cholesterol,LCCD,0.0,mg
45002840,605,"Fatty acids, total trans",LCCS,0.0,g
45002840,606,"Fatty acids, total saturated",LCCS,0.5,g
45002924,203,Protein,LCCS,29.09,g
45002924,204,Total lipid (fat),LCCS,14.55,g
45002924,205,"Carbohydrate, by difference",LCCS,10.91,g
45002924,208,Energy,LCCS,309.0,kcal
45002924,269,"Sugars, total",LCCS,1.82,g
45002924,291,"Fiber, total dietary",LCCS,7.3,g
45002924,301,"Calcium, Ca",LCCD,109.0,mg
45002924,303,"Iron, Fe",LCCD,2.62,mg
45002924,306,"Potassium, K",LCCS,691.0,mg
45002924,307,"Sodium, Na",LCCS,491.0,mg
45002924,318,"Vitamin A, IU",LCCD,909.0,IU
45002924,401,"Vitamin C, total ascorbic acid",LCCD,0.0,mg
45002924,601,Cholesterol,LCCD,0.0,mg
45002924,605,"Fatty acids, total trans",LCCS,0.0,g
45002924,606,"Fatty acids, total saturated",LCCS,2.73,g
45002977,203,Protein,LCCS,6.09,g
45002977,204,Total lipid (fat),LCCS,3.21,g
45002977,205,"Carbohydrate, by difference",LCCS,14.42,g
45002977,208,Energy,LCCS,109.0,kcal
45002977,269,"Sugars, total",LCCS,0.64,g
45002977,291,"Fiber, total dietary",LCCS,1.3,g
45002977,301,"Calcium, Ca",LCCD,26.0,mg
45002977,303,"Iron, Fe",LCCD,1.73,mg
45002977,307,"Sodium, Na",LCCS,221.0,mg
45002977,318,"Vitamin A, IU",LCCD,321.0,IU
45002977,401,"Vitamin C, total ascorbic acid",LCCD,1.2,mg
45002977,601,Cholesterol,LCCS,13.0,mg
45002977,605,"Fatty acids, total trans",LCCS,0.0,g
45002977,606,"Fatty acids, total saturated",LCCS,1.44,g
45003048,203,Protein,LCCS,0.0,g
45003048,204,Total lipid (fat),LCCD,0.0,g
45003048,205,"Carbohydrate, by difference",LCCS,66.67,g
45003048,208,Energy,LCCS,157.0,kcal
45003048,290,Xylitol,LCCS,67.0,g
45003048,307,"Sodium, Na",LCCD,0.0,mg
45003163,203,Protein,LCCS,0.0,g
45003163,204,Total lipid (fat),LCCD,0.0,g
45003163,205,"Carbohydrate, by difference",LCCS,14.29,g
45003163,208,Energy,LCCS,57.0,kcal
45003163,269,"Sugars, total",LCCS,12.14,g
45003163,291,"Fiber, total dietary",LCCS,0.7,g
45003163,301,"Calcium, Ca",LCCS,20.0,mg
45003163,303,"Iron, Fe",LCCS,0.36,mg
45003163,307,"Sodium, Na",LCCD,0.0,mg
45003163,401,"Vitamin C, total ascorbic acid",LCCS,9.3,mg
45003177,203,Protein,LCCS,0.0,g
45003177,204,Total lipid (fat),LCCS,42.86,g
45003177,205,"Carbohydrate, by difference",LCCS,42.86,g
45003177,208,Energy,LCCS,571.0,kcal
45003177,269,"Sugars, total",LCCS,0.0,g
45003177,291,"Fiber, total dietary",LCCD,0.0,g
45003177,301,"Calcium, Ca",LCCD,0.0,mg
45003177,303,"Iron, Fe",LCCD,0.0,mg
45003177,306,"Potassium, K",LCCS,1000.0,mg
45003177,307,"Sodium, Na",LCCS,286.0,mg
45003177,318,"Vitamin A, IU",LCCD,0.0,IU
45003177,401,"Vitamin C, total ascorbic acid",LCCD,0.0,mg
45003177,601,Cholesterol,LCCD,0.0,mg
45003177,605,"Fatty acids, total trans",LCCS,0.0,g
45003177,606,"Fatty acids, total saturated",LCCS,21.43,g
45003177,645,"Fatty acids, total monounsaturated",LCCS,14.29,g
45003177,646,"Fatty acids, total polyunsaturated",LCCS,0.0,g
45003496,203,Protein,LCCS,9.09,g
45003496,204,Total lipid (fat),LCCS,21.21,g
45003496,205,"Carbohydrate, by difference",LCCS,66.67,g
45003496,208,Energy,LCCS,485.0,kcal
45003496,269,"Sugars, total",LCCS,21.21,g
45003496,291,"Fiber, total dietary",LCSL,3.0,g
45003496,301,"Calcium, Ca",LCCD,0.0,mg
45003496,303,"Iron, Fe",LCCD,3.27,mg
45003496,307,"Sodium, Na",LCCS,348.0,mg
45003496,318,"Vitamin A, IU",LCCD,0.0,IU
45003496,401,"Vitamin C, total ascorbic acid",LCCD,0.0,mg
45003496,601,Cholesterol,LCCD,0.0,mg
45003496,605,"Fatty acids, total trans",LCCS,0.0,g
45003496,606,"Fatty acids, total saturated",LCCS,6.06,g
45003496,645,"Fatty acids, total monounsaturated",LCCS,9.09,g
45003496,646,"Fatty acids, total polyunsaturated",LCCS,6.06,g
45003521,203,Protein,LCCS,0.0,g
45003521,204,Total lipid (fat),LCCD,0.0,g
45003521,205,"Carbohydrate, by difference",LCCD,0.0,g
45003521,208,Energy,LCCS,0.0,kcal
45003521,307,"Sodium, Na",LCCS,39333.0,mg
45003521,314,"Iodine, I",LCCS,4467.0,mcg
45003660,203,Protein,LCCS,3.57,g
45003660,204,Total lipid (fat),LCCS,25.0,g
45003660,205,"Carbohydrate, by difference",LCCS,67.86,g
45003660,208,Energy,LCCS,500.0,kcal
45003660,269,"Sugars, total",LCCS,0.0,g
45003660,291,"Fiber, total dietary",LCSL,3.6,g
45003660,301,"Calcium, Ca",LCCD,71.0,mg
45003660,303,"Iron, Fe",LCCD,2.57,mg
45003660,307,"Sodium, Na",LCCS,1000.0,mg
45003660,318,"Vitamin A, IU",LCCD,0.0,IU
45003660,401,"Vitamin C, total ascorbic acid",LCCD,0.0,mg
45003660,601,Cholesterol,LCCD,0.0,mg
45003660,605,"Fatty acids, total trans",LCCS,3.57,g
45003660,606,"Fatty acids, total saturated",LCCS,7.14,g
45003747,203,Protein,LCCS,8.06,g
45003747,204,Total lipid (fat),LCCS,11.29,g
45003747,205,"Carbohydrate, by difference",LCCS,9.68,g
45003747,208,Energy,LCCS,161.0,kcal
45003747,269,"Sugars, total",LCCS,6.45,g
45003747,291,"Fiber, total dietary",LCCD,0.0,g
45003747,301,"Calcium, Ca",LCCD,242.0,mg
45003747,303,"Iron, Fe",LCCD,0.0,mg
45003747,307,"Sodium, Na",LCCS,97.0,mg
45003747,318,"Vitamin A, IU",LCCD,484.0,IU
45003747,401,"Vitamin C, total ascorbic acid",LCCD,0.0,mg
45003747,601,Cholesterol,LCCS,48.0,mg
45003747,605,"Fatty acids, total trans",LCCS,0.0,g
45003747,606,"Fatty acids, total saturated",LCCS,7.26,g
45004000,203,Protein,LCCS,0.0,g
45004000,204,Total lipid (fat),LCCS,93.33,g
45004000,205,"Carbohydrate, by difference",LCCD,0.0,g
45004000,208,Energy,LCCS,800.0,kcal
45004000,307,"Sodium, Na",LCCD,0.0,mg
45004000,605,"Fatty acids, total trans",LCCS,0.0,g
45004000,606,"Fatty acids, total saturated",LCCS,13.33,g
45004000,645,"Fatty acids, total monounsaturated",LCCS,66.67,g
45004000,646,"Fatty acids, total polyunsaturated",LCCS,13.33,g
45004001,203,Protein,LCCS,0.0,g
45004001,204,Total lipid (fat),LCCS,93.33,g
45004001,205,"Carbohydrate, by difference",LCCD,0.0,g
45004001,208,Energy,LCCS,800.0,kcal
45004001,307,"Sodium, Na",LCCD,0.0,mg
45004001,605,"Fatty acids, total trans",LCCS,0.0,g
45004001,606,"Fatty acids, total saturated",LCCS,13.33,g
45004001,645,"Fatty acids, total monounsaturated",LCCS,66.67,g
45004001,646,"Fatty acids, total polyunsaturated",LCCS,13.33,g
45004049,203,Protein,LCCS,21.43,g
45004049,204,Total lipid (fat),LCCS,28.57,g
45004049,205,"Carbohydrate, by difference",LCCD,0.0,g
45004049,208,Energy,LCCS,321.0,kcal
45004049,269,"Sugars, total",LCCS,0.0,g
45004049,291,"Fiber, total dietary",LCCD,0.0,g
45004049,301,"Calcium, Ca",LCCD,536.0,mg
45004049,303,"Iron, Fe",LCCD,0.0,mg
45004049,307,"Sodium, Na",LCCS,500.0,mg
45004049,318,"Vitamin A, IU",LCCD,1071.0,IU
45004049,401,"Vitamin C, total ascorbic acid",LCCD,0.0,mg
45004049,601,Cholesterol,LCCS,89.0,mg
45004049,605,"Fatty acids, total trans",LCCS,0.0,g
45004049,606,"Fatty acids, total saturated",LCCS,17.86,g
45004064,203,Protein,LCCS,1.6,g
45004064,204,Total lipid (fat),LCCS,5.6,g
45004064,205,"Carbohydrate, by difference",LCCS,6.4,g
45004064,208,Energy,LCCS,80.0,kcal
45004064,269,"Sugars, total",LCCS,4.0,g
45004064,291,"Fiber, total dietary",LCCS,1.6,g
45004064,301,"Calcium, Ca",LCCD,16.0,mg
45004064,303,"Iron, Fe",LCCD,0.86,mg
45004064,307,"Sodium, Na",LCCS,480.0,mg
45004064,318,"Vitamin A, IU",LCCD,400.0,IU
45004064,401,"Vitamin C, total ascorbic acid",LCCD,9.6,mg
45004064,601,Cholesterol,LCCD,0.0,mg
45004064,605,"Fatty acids, total trans",LCCS,0.0,g
45004064,606,"Fatty acids, total saturated",LCCS,0.8,g
45004083,203,Protein,LCCS,2.94,g
45004083,204,Total lipid (fat),LCCS,8.82,g
45004083,205,"Carbohydrate, by difference",LCCS,8.82,g
45004083,208,Energy,LCCS,118.0,kcal
45004083,269,"Sugars, total",LCSL,2.94,g
45004083,291,"Fiber, total dietary",LCCD,0.0,g
45004083,301,"Calcium, Ca",LCCD,59.0,mg
45004083,303,"Iron, Fe",LCCD,0.0,mg
45004083,307,"Sodium, Na",LCCS,824.0,mg
45004083,318,"Vitamin A, IU",LCCD,0.0,IU
45004083,401,"Vitamin C, total ascorbic acid",LCCD,0.0,mg
45004083,601,Cholesterol,LCSL,15.0,mg
45004083,605,"Fatty acids, total trans",LCCS,0.0,g
45004083,606,"Fatty acids, total saturated",LCCS,2.94,g
45004123,203,Protein,LCCS,19.64,g
45004123,204,Total lipid (fat),LCCS,33.93,g
45004123,205,"Carbohydrate, by difference",LCCS,8.93,g
45004123,208,Energy,LCCS,429.0,kcal
45004123,269,"Sugars, total",LCCS,3.57,g
45004123,291,"Fiber, total dietary",LCCD,0.0,g
45004123,301,"Calcium, Ca",LCCD,0.0,mg
45004123,303,"Iron, Fe",LCCD,0.0,mg
45004123,307,"Sodium, Na",LCCS,1343.0,mg
45004123,318,"Vitamin A, IU",LCCD,357.0,IU
45004123,401,"Vitamin C, total ascorbic acid",LCCD,0.0,mg
45004123,601,Cholesterol,LCCS,100.0,mg
45004123,605,"Fatty acids, total trans",LCCS,0.0,g
45004123,606,"Fatty acids, total saturated",LCCS,4.46,g
45004184,203,Protein,LCCS,0.0,g
45004184,204,Total lipid (fat),LCCD,0.0,g
45004184,205,"Carbohydrate, by difference",LCCS,19.47,g
45004184,208,Energy,LCCS,80.0,kcal
45004184,269,"Sugars, total",LCCS,15.93,g
45004184,291,"Fiber, total dietary",LCCS,0.9,g
45004184,301,"Calcium, Ca",LCCD,0.0,mg
45004184,303,"Iron, Fe",LCCD,0.0,mg
45004184,307,"Sodium, Na",LCCS,13.0,mg
45004184,318,"Vitamin A, IU",LCCD,0.0,IU
45004184,401,"Vitamin C, total ascorbic acid",LCCD,53.1,mg
45004184,601,Cholesterol,LCCD,0.0,mg
45004184,605,"Fatty acids, total trans",LCCS,0.0,g
45004184,606,"Fatty acids, total saturated",LCCD,0.0,g
45004185,203,Protein,LCCS,0.0,g
45004185,204,Total lipid (fat),LCCD,0.0,g
45004185,205,"Carbohydrate, by difference",LCCS,17.7,g
45004185,208,Energy,LCCS,71.0,kcal
45004185,269,"Sugars, total",LCCS,13.27,g
45004185,291,"Fiber, total dietary",LCCS,0.9,g
45004185,301,"Calcium, Ca",LCCD,885.0,mg
45004185,307,"Sodium, Na",LCCS,13.0,mg
45004185,605,"Fatty acids, total trans",LCCS,0.0,g
45004185,606,"Fatty acids, total saturated",LCCD,0.0,g
45004371,203,Protein,LCCS,2.22,g
45004371,204,Total lipid (fat),LCCD,0.0,g
45004371,205,"Carbohydrate, by difference",LCCS,80.0,g
45004371,208,Energy,LCCS,356.0,kcal
45004371,269,"Sugars, total",LCCS,20.0,g
45004371,291,"Fiber, total dietary",LCCS,2.2,g
45004371,301,"Calcium, Ca",LCCD,44.0,mg
45004371,303,"Iron, Fe",LCCD,4.0,mg
45004371,307,"Sodium, Na",LCCD,0.0,mg
45004371,318,"Vitamin A, IU",LCCD,0.0,IU
45004371,401,"Vitamin C, total ascorbic acid",LCCD,0.0,mg
45004371,404,Thiamin,LCCD,0.0,mg
45004371,406,Niacin,LCCD,4.444,mg
45004371,417,"Folate, total",LCCD,222.0,mcg
45004371,601,Cholesterol,LCCD,0.0,mg
45004371,605,"Fatty acids, total trans",LCCS,0.0,g
45004371,606,"Fatty acids, total saturated",LCCD,0.0,g
45004375,203,Protein,LCCS,19.51,g
45004375,204,Total lipid (fat),LCCS,1.22,g
45004375,205,"Carbohydrate, by difference",LCCS,63.41,g
45004375,208,Energy,LCCS,341.0,kcal
45004375,269,"Sugars, total",LCCS,2.44,g
45004375,291,"Fiber, total dietary",LCCS,14.6,g
45004375,301,"Calcium, Ca",LCCD,98.0,mg
45004375,303,"Iron, Fe",LCCD,6.59,mg
45004375,307,"Sodium, Na",LCCS,12.0,mg
45004375,318,"Vitamin A, IU",LCCD,0.0,IU
45004375,401,"Vitamin C, total ascorbic acid",LCCD,0.0,mg
45004375,601,Cholesterol,LCCD,0.0,mg
45004375,605,"Fatty acids, total trans",LCCS,0.0,g
45004375,606,"Fatty acids, total saturated",LCCD,0.0,g
45004416,203,Protein,LCCS,0.0,g
45004416,204,Total lipid (fat),LCCS,1.67,g
45004416,205,"Carbohydrate, by difference",LCCS,6.67,g
45004416,208,Energy,LCCS,42.0,kcal
45004416,269,"Sugars, total",LCCS,1.67,g
45004416,291,"Fiber, total dietary",LCCS,1.7,g
45004416,301,"Calcium, Ca",LCCD,0.0,mg
45004416,303,"Iron, Fe",LCCD,0.6,mg
45004416,307,"Sodium, Na",LCCS,467.0,mg
45004416,318,"Vitamin A, IU",LCCD,667.0,IU
45004416,401,"Vitamin C, total ascorbic acid",LCCD,2.0,mg
45004416,601,Cholesterol,LCCD,0.0,mg
45004416,605,"Fatty acids, total trans",LCCS,0.0,g
45004416,606,"Fatty acids, total saturated",LCCD,0.0,g
45004512,203,Protein,LCCS,7.14,g
45004512,204,Total lipid (fat),LCCS,14.29,g
45004512,205,"Carbohydrate, by difference",LCCS,71.43,g
45004512,208,Energy,LCCS,429.0,kcal
45004512,269,"Sugars, total",LCCS,0.0,g
45004512,291,"Fiber, total dietary",LCCS,10.7,g
45004512,303,"Iron, Fe",LCCD,5.14,mg
45004512,306,"Potassium, K",LCCS,429.0,mg
45004512,307,"Sodium, Na",LCCS,464.0,mg
45004512,601,Cholesterol,LCCD,0.0,mg
45004512,605,"Fatty acids, total trans",LCCS,0.0,g
45004512,606,"Fatty acids, total saturated",LCCS,1.79,g
45004512,645,"Fatty acids, total monounsaturated",LCCS,3.57,g
45004512,646,"Fatty acids, total polyunsaturated",LCCS,7.14,g
45004625,203,Protein,LCCS,7.5,g
45004625,204,Total lipid (fat),LCCS,37.5,g
45004625,205,"Carbohydrate, by difference",LCCS,50.0,g
45004625,208,Energy,LCCS,500.0,kcal
45004625,269,"Sugars, total",LCCS,20.0,g
45004625,291,"Fiber, total dietary",LCCS,17.5,g
45004625,299,Total sugar alcohols,LCCS,10.0,g
45004625,301,"Calcium, Ca",LCCD,625.0,mg
45004625,303,"Iron, Fe",LCCD,2.7,mg
45004625,307,"Sodium, Na",LCCS,225.0,mg
45004625,318,"Vitamin A, IU",LCCD,0.0,IU
45004625,401,"Vitamin C, total ascorbic acid",LCCD,0.0,mg
45004625,601,Cholesterol,LCCS,12.0,mg
45004625,605,"Fatty acids, total trans",LCCS,0.0,g
45004625,606,"Fatty acids, total saturated",LCCS,22.5,g
45004648,203,Protein,LCCS,14.29,g
45004648,204,Total lipid (fat),LCCS,7.14,g
45004648,205,"Carbohydrate, by difference",LCCS,57.14,g
45004648,208,Energy,LCCS,286.0,kcal
45004648,269,"Sugars, total",LCCS,14.29,g
45004648,291,"Fiber, total dietary",LCCS,28.6,g
45004648,301,"Calcium, Ca",LCCD,0.0,mg
45004648,303,"Iron, Fe",LCCD,10.29,mg
45004648,307,"Sodium, Na",LCCD,0.0,mg
45004648,318,"Vitamin A, IU",LCCD,21429.0,IU
45004648,401,"Vitamin C, total ascorbic acid",LCCD,0.0,mg
45004648,601,Cholesterol,LCCD,0.0,mg
45004648,605,"Fatty acids, total trans",LCCS,0.0,g
45004648,606,"Fatty acids, total saturated",LCCD,0.0,g
45004649,203,Protein,LCSL,3.33,g
45004649,204,Total lipid (fat),LCCS,5.0,g
45004649,205,"Carbohydrate, by difference",LCCS,16.67,g
45004649,208,Energy,LCCS,117.0,kcal
45004649,269,"Sugars, total",LCCS,10.0,g
45004649,291,"Fiber, total dietary",LCSL,3.3,g
45004649,301,"Calcium, Ca",LCCD,0.0,mg
45004649,303,"Iron, Fe",LCCD,1.8,mg
45004649,307,"Sodium, Na",LCCS,600.0,mg
45004649,318,"Vitamin A, IU",LCCD,0.0,IU
45004649,401,"Vitamin C, total ascorbic acid",LCCD,4.0,mg
45004649,601,Cholesterol,LCCD,0.0,mg
45004649,605,"Fatty acids, total trans",LCCS,0.0,g
45004649,606,"Fatty acids, total saturated",LCSL,3.33,g
45004661,203,Protein,LCCS,7.69,g
45004661,204,Total lipid (fat),LCCS,5.77,g
45004661,205,"Carbohydrate, by difference",LCCS,50.0,g
45004661,208,Energy,LCCS,269.0,kcal
45004661,269,"Sugars, total",LCCS,11.54,g
45004661,291,"Fiber, total dietary",LCCS,3.8,g
45004661,301,"Calcium, Ca",LCCD,0.0,mg
45004661,303,"Iron, Fe",LCCD,4.15,mg
45004661,307,"Sodium, Na",LCCS,423.0,mg
45004661,318,"Vitamin A, IU",LCCD,0.0,IU
45004661,401,"Vitamin C, total ascorbic acid",LCCD,0.0,mg
45004661,601,Cholesterol,LCCD,0.0,mg
45004661,605,"Fatty acids, total trans",LCCS,0.0,g
45004661,606,"Fatty acids, total saturated",LCCD,0.0,g
45004661,645,"Fatty acids, total monounsaturated",LCCS,0.0,g
45004661,646,"Fatty acids, total polyunsaturated",LCCS,1.92,g
45004662,203,Protein,LCCS,7.14,g
45004662,204,Total lipid (fat),LCCS,25.0,g
45004662,205,"Carbohydrate, by difference",LCCS,60.71,g
45004662,208,Energy,LCCS,500.0,kcal
45004662,269,"Sugars, total",LCCS,0.0,g
45004662,291,"Fiber, total dietary",LCCS,3.6,g
45004662,301,"Calcium, Ca",LCCD,0.0,mg
45004662,303,"Iron, Fe",LCCD,2.57,mg
45004662,306,"Potassium, K",LCCS,1500.0,mg
45004662,307,"Sodium, Na",LCCS,161.0,mg
45004662,318,"Vitamin A, IU",LCCD,0.0,IU
45004662,401,"Vitamin C, total ascorbic acid",LCCD,21.4,mg
45004662,601,Cholesterol,LCCD,0.0,mg
45004662,605,"Fatty acids, total trans",LCCS,0.0,g
45004662,606,"Fatty acids, total saturated",LCCS,3.57,g
45004662,645,"Fatty acids, total monounsaturated",LCCS,17.86,g
45004662,646,"Fatty acids, total polyunsaturated",LCCS,3.57,g
45004710,203,Protein,LCCS,10.0,g
45004710,204,Total lipid (fat),LCCS,3.33,g
45004710,205,"Carbohydrate, by difference",LCCS,83.33,g
45004710,208,Energy,LCCS,400.0,kcal
45004710,269,"Sugars, total",LCCS,3.33,g
45004710,291,"Fiber, total dietary",LCCS,3.3,g
45004710,301,"Calcium, Ca",LCCD,67.0,mg
45004710,303,"Iron, Fe",LCCD,2.4,mg
45004710,307,"Sodium, Na",LCCS,567.0,mg
45004710,318,"Vitamin A, IU",LCCD,0.0,IU
45004710,401,"Vitamin C, total ascorbic acid",LCCD,0.0,mg
45004710,601,Cholesterol,LCCD,0.0,mg
45004710,605,"Fatty acids, total trans",LCCS,0.0,g
45004710,606,"Fatty acids, total saturated",LCCD,0.0,g
45004717,203,Protein,LCCS,12.5,g
45004717,204,Total lipid (fat),LCCS,1.79,g
45004717,205,"Carbohydrate, by difference",LCCS,69.64,g
45004717,208,Energy,LCCS,339.0,kcal
45004717,269,"Sugars, total",LCCS,1.79,g
45004717,291,"Fiber, total dietary",LCCS,8.9,g
45004717,301,"Calcium, Ca",LCCD,36.0,mg
45004717,303,"Iron, Fe",LCCD,4.82,mg
45004717,307,"Sodium, Na",LCCS,1696.0,mg
45004717,318,"Vitamin A, IU",LCCD,0.0,IU
45004717,401,"Vitamin C, total ascorbic acid",LCCD,2.1,mg
45004717,404,Thiamin,LCCD,0.0,mg
45004717,406,Niacin,LCCD,2.857,mg
45004717,601,Cholesterol,LCCS,4.0,mg
45004717,605,"Fatty acids, total trans",LCCS,0.0,g
45004717,606,"Fatty acids, total saturated",LCCD,0.0,g
45004718,203,Protein,LCCS,13.33,g
45004718,204,Total lipid (fat),LCCS,3.33,g
45004718,205,"Carbohydrate, by difference",LCCS,73.33,g
45004718,208,Energy,LCCS,367.0,kcal
45004718,269,"Sugars, total",LCCS,6.67,g
45004718,291,"Fiber, total dietary",LCCS,6.7,g
45004718,301,"Calcium, Ca",LCCD,267.0,mg
45004718,303,"Iron, Fe",LCCD,3.6,mg
45004718,307,"Sodium, Na",LCCS,767.0,mg
45004718,318,"Vitamin A, IU",LCCD,0.0,IU
45004718,401,"Vitamin C, total ascorbic acid",LCCD,0.0,mg
45004718,601,Cholesterol,LCCD,0.0,mg
45004718,605,"Fatty acids, total trans",LCCS,0.0,g
45004718,606,"Fatty acids, total saturated",LCCD,0.0,g
45004747,203,Protein,LCCS,10.42,g
45004747,204,Total lipid (fat),LCCS,18.75,g
45004747,205,"Carbohydrate, by difference",LCCS,64.58,g
45004747,208,Energy,LCCS,479.0,kcal
45004747,269,"Sugars, total",LCCS,20.83,g
45004747,291,"Fiber, total dietary",LCCS,10.4,g
45004747,301,"Calcium, Ca",LCCD,125.0,mg
45004747,303,"Iron, Fe",LCCD,2.25,mg
45004747,304,"Magnesium, Mg",LCCD,125.0,mg
45004747,305,"Phosphorus, P",LCCD,417.0,mg
45004747,306,"Potassium, K",LCCS,292.0,mg
45004747,307,"Sodium, Na",LCCS,31.0,mg
45004747,309,"Zinc, Zn",LCCD,2.5,mg
45004747,312,"Copper, Cu",LCCD,0.417,mg
45004747,318,"Vitamin A, IU",LCCD,0.0,IU
45004747,324,Vitamin D,LCCD,0.0,IU
45004747,401,"Vitamin C, total ascorbic acid",LCCD,0.0,mg
45004747,404,Thiamin,LCCD,0.0,mg
45004747,405,Riboflavin,LCCD,0.283,mg
45004747,406,Niacin,LCCD,1.667,mg
45004747,601,Cholesterol,LCCD,0.0,mg
45004747,605,"Fatty acids, total trans",LCCS,0.0,g
45004747,606,"Fatty acids, total saturated",LCCS,4.17,g
45004747,645,"Fatty acids, total monounsaturated",LCCS,8.33,g
45004747,646,"Fatty acids, total polyunsaturated",LCCS,4.17,g
45004873,203,Protein,LCSL,5.56,g
45004873,204,Total lipid (fat),LCCS,25.0,g
45004873,205,"Carbohydrate, by difference",LCCS,66.67,g
45004873,208,Energy,LCCS,500.0,kcal
45004873,269,"Sugars, total",LCCS,44.44,g
45004873,291,"Fiber, total dietary",LCCD,0.0,g
45004873,301,"Calcium, Ca",LCCD,0.0,mg
45004873,303,"Iron, Fe",LCCD,4.0,mg
45004873,307,"Sodium, Na",LCCS,139.0,mg
45004873,318,"Vitamin A, IU",LCCD,0.0,IU
45004873,401,"Vitamin C, total ascorbic acid",LCCD,0.0,mg
45004873,601,Cholesterol,LCCD,0.0,mg
45004873,605,"Fatty acids, total trans",LCCS,0.0,g
45004873,606,"Fatty acids, total saturated",LCCS,11.11,g
45004885,203,Protein,LCCS,7.14,g
45004885,204,Total lipid (fat),LCCS,32.14,g
45004885,205,"Carbohydrate, by difference",LCCS,57.14,g
45004885,208,Energy,LCCS,536.0,kcal
45004885,269,"Sugars, total",LCCS,0.0,g
45004885,291,"Fiber, total dietary",LCCS,3.6,g
45004885,301,"Calcium, Ca",LCCD,0.0,mg
45004885,303,"Iron, Fe",LCCD,1.29,mg
45004885,306,"Potassium, K",LCCS,1250.0,mg
45004885,307,"Sodium, Na",LCCS,643.0,mg
45004885,318,"Vitamin A, IU",LCCD,0.0,IU
45004885,401,"Vitamin C, total ascorbic acid",LCCD,17.1,mg
45004885,601,Cholesterol,LCCD,0.0,mg
45004885,605,"Fatty acids, total trans",LCCS,0.0,g
45004885,606,"Fatty acids, total saturated",LCCS,7.14,g
45004885,645,"Fatty acids, total monounsaturated",LCCS,5.36,g
45004885,646,"Fatty acids, total polyunsaturated",LCCS,16.07,g
45004989,203,Protein,LCCS,0.71,g
45004989,204,Total lipid (fat),LCCS,5.0,g
45004989,205,"Carbohydrate, by difference",LCCS,13.57,g
45004989,208,Energy,LCCS,107.0,kcal
45004989,269,"Sugars, total",LCCS,8.57,g
45004989,291,"Fiber, total dietary",LCCS,1.4,g
45004989,301,"Calcium, Ca",LCCD,0.0,mg
45004989,303,"Iron, Fe",LCCD,0.0,mg
45004989,307,"Sodium, Na",LCCS,350.0,mg
45004989,318,"Vitamin A, IU",LCCD,214.0,IU
45004989,401,"Vitamin C, total ascorbic acid",LCCD,3.4,mg
45004989,601,Cholesterol,LCCS,4.0,mg
45004989,605,"Fatty acids, total trans",LCCS,0.0,g
45004989,606,"Fatty acids, total saturated",LCCS,1.07,g
45005028,203,Protein,LCCS,0.0,g
45005028,204,Total lipid (fat),LCCS,84.62,g
45005028,205,"Carbohydrate, by difference",LCCD,0.0,g
45005028,208,Energy,LCCS,769.0,kcal
45005028,307,"Sodium, Na",LCCS,577.0,mg
45005028,601,Cholesterol,LCCS,77.0,mg
45005028,606,"Fatty acids, total saturated",LCCS,11.54,g
45005034,203,Protein,LCCS,0.0,g
45005034,204,Total lipid (fat),LCCS,25.0,g
45005034,205,"Carbohydrate, by difference",LCCS,14.29,g
45005034,208,Energy,LCCS,286.0,kcal
45005034,269,"Sugars, total",LCSL,7.14,g
45005034,291,"Fiber, total dietary",LCCD,0.0,g
45005034,301,"Calcium, Ca",LCCD,0.0,mg
45005034,303,"Iron, Fe",LCCD,0.0,mg
45005034,307,"Sodium, Na",LCCS,714.0,mg
45005034,318,"Vitamin A, IU",LCCD,0.0,IU
45005034,401,"Vitamin C, total ascorbic acid",LCCD,0.0,mg
45005034,601,Cholesterol,LCSL,36.0,mg
45005034,605,"Fatty acids, total trans",LCCS,0.0,g
45005034,606,"Fatty acids, total saturated",LCCS,3.57,g
45005034,645,"Fatty acids, total monounsaturated",LCCS,7.14,g
45005034,646,"Fatty acids, total polyunsaturated",LCCS,14.29,g
45005035,203,Protein,LCCS,0.0,g
45005035,204,Total lipid (fat),LCCS,25.0,g
45005035,205,"Carbohydrate, by difference",LCCS,14.29,g
45005035,208,Energy,LCCS,286.0,kcal
45005035,269,"Sugars, total",LCSL,7.14,g
45005035,291,"Fiber, total dietary",LCCD,0.0,g
45005035,301,"Calcium, Ca",LCCD,0.0,mg
45005035,303,"Iron, Fe",LCCD,0.0,mg
45005035,307,"Sodium, Na",LCCS,714.0,mg
45005035,318,"Vitamin A, IU",LCCD,0.0,IU
45005035,401,"Vitamin C, total ascorbic acid",LCCD,0.0,mg
45005035,601,Cholesterol,LCSL,36.0,mg
45005035,605,"Fatty acids, total trans",LCCS,0.0,g
45005035,606,"Fatty acids, total saturated",LCCS,3.57,g
45005035,645,"Fatty acids, total monounsaturated",LCCS,7.14,g
45005035,646,"Fatty acids, total polyunsaturated",LCCS,14.29,g
45005036,203,Protein,LCCS,0.0,g
45005036,204,Total lipid (fat),LCCS,84.62,g
45005036,205,"Carbohydrate, by difference",LCCD,0.0,g
45005036,208,Energy,LCCS,769.0,kcal
45005036,269,"Sugars, total",LCCS,0.0,g
45005036,291,"Fiber, total dietary",LCCD,0.0,g
45005036,301,"Calcium, Ca",LCCD,0.0,mg
45005036,303,"Iron, Fe",LCCD,0.0,mg
45005036,307,"Sodium, Na",LCCS,577.0,mg
45005036,318,"Vitamin A, IU",LCCD,0.0,IU
45005036,401,"Vitamin C, total ascorbic acid",LCCD,0.0,mg
45005036,601,Cholesterol,LCCS,77.0,mg
45005036,605,"Fatty acids, total trans",LCCS,0.0,g
45005036,606,"Fatty acids, total saturated",LCCS,11.54,g
45005036,645,"Fatty acids, total monounsaturated",LCCS,19.23,g
45005036,646,"Fatty acids, total polyunsaturated",LCCS,46.15,g
45005037,203,Protein,LCCS,0.0,g
45005037,204,Total lipid (fat),LCCS,25.0,g
45005037,205,"Carbohydrate, by difference",LCCS,7.14,g
45005037,208,Energy,LCCS,250.0,kcal
45005037,269,"Sugars, total",LCCS,0.0,g
45005037,291,"Fiber, total dietary",LCCD,0.0,g
45005037,301,"Calcium, Ca",LCCD,0.0,mg
45005037,303,"Iron, Fe",LCCD,0.0,mg
45005037,307,"Sodium, Na",LCCS,929.0,mg
45005037,318,"Vitamin A, IU",LCCD,0.0,IU
45005037,401,"Vitamin C, total ascorbic acid",LCCD,0.0,mg
45005037,601,Cholesterol,LCSL,36.0,mg
45005037,605,"Fatty acids, total trans",LCCS,0.0,g
45005037,606,"Fatty acids, total saturated",LCCS,3.57,g
45005038,203,Protein,LCCS,0.0,g
45005038,204,Total lipid (fat),LCCS,84.62,g
45005038,205,"Carbohydrate, by difference",LCCD,0.0,g
45005038,208,Energy,LCCS,769.0,kcal
45005038,269,"Sugars, total",LCCS,0.0,g
45005038,291,"Fiber, total dietary",LCCD,0.0,g
45005038,301,"Calcium, Ca",LCCD,0.0,mg
45005038,303,"Iron, Fe",LCCD,0.0,mg
45005038,307,"Sodium, Na",LCCS,577.0,mg
45005038,318,"Vitamin A, IU",LCCD,0.0,IU
45005038,401,"Vitamin C, total ascorbic acid",LCCD,0.0,mg
45005038,601,Cholesterol,LCCS,77.0,mg
45005038,605,"Fatty acids, total trans",LCCS,0.0,g
45005038,606,"Fatty acids, total saturated",LCCS,11.54,g
45005038,645,"Fatty acids, total monounsaturated",LCCS,19.23,g
45005038,646,"Fatty acids, total polyunsaturated",LCCS,46.15,g
45005042,203,Protein,LCCS,6.67,g
45005042,204,Total lipid (fat),LCCD,0.0,g
45005042,205,"Carbohydrate, by difference",LCCS,86.67,g
45005042,208,Energy,LCCS,367.0,kcal
45005042,269,"Sugars, total",LCCS,6.67,g
45005042,291,"Fiber, total dietary",LCCS,3.3,g
45005042,301,"Calcium, Ca",LCCD,0.0,mg
45005042,303,"Iron, Fe",LCCD,27.0,mg
45005042,306,"Potassium, K",LCCS,83.0,mg
45005042,307,"Sodium, Na",LCCS,667.0,mg
45005042,309,"Zinc, Zn",LCCD,12.5,mg
45005042,318,"Vitamin A, IU",LCCD,1667.0,IU
45005042,324,Vitamin D,LCCD,133.0,IU
45005042,401,"Vitamin C, total ascorbic acid",LCCD,20.0,mg
45005042,404,Thiamin,LCCD,1.0,mg
45005042,405,Riboflavin,LCCD,1.417,mg
45005042,406,Niacin,LCCD,16.667,mg
45005042,415,Vitamin B-6,LCCD,1.667,mg
45005042,418,Vitamin B-12,LCCD,5.0,mcg
45005042,601,Cholesterol,LCCD,0.0,mg
45005042,605,"Fatty acids, total trans",LCCS,0.0,g
45005042,606,"Fatty acids, total saturated",LCCD,0.0,g
45005043,203,Protein,LCCS,5.26,g
45005043,204,Total lipid (fat),LCCS,7.89,g
45005043,205,"Carbohydrate, by difference",LCCS,73.68,g
45005043,208,Energy,LCCS,395.0,kcal
45005043,269,"Sugars, total",LCCS,31.58,g
45005043,291,"Fiber, total dietary",LCSL,2.6,g
45005043,301,"Calcium, Ca",LCCD,0.0,mg
45005043,303,"Iron, Fe",LCCD,2.84,mg
45005043,307,"Sodium, Na",LCCS,684.0,mg
45005043,318,"Vitamin A, IU",LCCD,0.0,IU
45005043,401,"Vitamin C, total ascorbic acid",LCCD,0.0,mg
45005043,601,Cholesterol,LCCD,0.0,mg
45005043,605,"Fatty acids, total trans",LCCS,0.0,g
45005043,606,"Fatty acids, total saturated",LCCS,3.95,g
45005044,203,Protein,LCCS,4.76,g
45005044,204,Total lipid (fat),LCCS,8.33,g
45005044,205,"Carbohydrate, by difference",LCCS,73.81,g
45005044,208,Energy,LCCS,405.0,kcal
45005044,269,"Sugars, total",LCCS,38.1,g
45005044,291,"Fiber, total dietary",LCSL,2.4,g
45005044,301,"Calcium, Ca",LCCD,238.0,mg
45005044,303,"Iron, Fe",LCCD,6.43,mg
45005044,307,"Sodium, Na",LCCS,548.0,mg
45005044,318,"Vitamin A, IU",LCCD,0.0,IU
45005044,401,"Vitamin C, total ascorbic acid",LCCD,0.0,mg
45005044,601,Cholesterol,LCCD,0.0,mg
45005044,605,"Fatty acids, total trans",LCCS,0.0,g
45005044,606,"Fatty acids, total saturated",LCCS,3.57,g
45005049,203,Protein,LCCS,7.14,g
45005049,204,Total lipid (fat),LCCD,0.0,g
45005049,205,"Carbohydrate, by difference",LCCS,78.57,g
45005049,208,Energy,LCCS,357.0,kcal
45005049,269,"Sugars, total",LCCS,0.0,g
45005049,291,"Fiber, total dietary",LCCS,3.6,g
45005049,301,"Calcium, Ca",LCCD,357.0,mg
45005049,303,"Iron, Fe",LCCD,28.93,mg
45005049,307,"Sodium, Na",LCCS,1107.0,mg
45005049,318,"Vitamin A, IU",LCCD,0.0,IU
45005049,401,"Vitamin C, total ascorbic acid",LCCD,0.0,mg
45005049,404,Thiamin,LCCD,1.0,mg
45005049,405,Riboflavin,LCCD,0.607,mg
45005049,406,Niacin,LCCD,7.143,mg
45005049,601,Cholesterol,LCCD,0.0,mg
45005049,605,"Fatty acids, total trans",LCCS,0.0,g
45005049,606,"Fatty acids, total saturated",LCCD,0.0,g
45005049,645,"Fatty acids, total monounsaturated",LCCS,0.0,g
45005049,646,"Fatty acids, total polyunsaturated",LCCS,0.0,g
45005050,203,Protein,LCCS,7.14,g
45005050,204,Total lipid (fat),LCCS,3.57,g
45005050,205,"Carbohydrate, by difference",LCCS,75.0,g
45005050,208,Energy,LCCS,357.0,kcal
45005050,269,"Sugars, total",LCCS,3.57,g
45005050,291,"Fiber, total dietary",LCCS,3.6,g
45005050,301,"Calcium, Ca",LCCD,357.0,mg
45005050,303,"Iron, Fe",LCCD,28.93,mg
45005050,307,"Sodium, Na",LCCS,1214.0,mg
45005050,318,"Vitamin A, IU",LCCD,0.0,IU
45005050,401,"Vitamin C, total ascorbic acid",LCCD,0.0,mg
45005050,404,Thiamin,LCCD,1.0,mg
45005050,405,Riboflavin,LCCD,0.607,mg
45005050,406,Niacin,LCCD,7.143,mg
45005050,601,Cholesterol,LCCD,0.0,mg
45005050,605,"Fatty acids, total trans",LCCS,0.0,g
45005050,606,"Fatty acids, total saturated",LCCS,1.79,g
45005050,645,"Fatty acids, total monounsaturated",LCCS,1.79,g
45005050,646,"Fatty acids, total polyunsaturated",LCCS,0.0,g
45005056,203,Protein,LCSL,14.29,g
45005056,204,Total lipid (fat),LCCS,14.29,g
45005056,205,"Carbohydrate, by difference",LCCS,57.14,g
45005056,208,Energy,LCCS,429.0,kcal
45005056,269,"Sugars, total",LCSL,14.29,g
45005056,291,"Fiber, total dietary",LCCD,0.0,g
45005056,301,"Calcium, Ca",LCCD,0.0,mg
45005056,303,"Iron, Fe",LCCD,0.0,mg
45005056,307,"Sodium, Na",LCCS,1286.0,mg
45005056,318,"Vitamin A, IU",LCCD,0.0,IU
45005056,401,"Vitamin C, total ascorbic acid",LCCD,0.0,mg
45005056,601,Cholesterol,LCCD,0.0,mg
45005056,605,"Fatty acids, total trans",LCCS,0.0,g
45005056,606,"Fatty acids, total saturated",LCCD,0.0,g
45005057,203,Protein,LCCS,14.29,g
45005057,204,Total lipid (fat),LCCS,14.29,g
45005057,205,"Carbohydrate, by difference",LCCS,71.43,g
45005057,208,Energy,LCCS,429.0,kcal
45005057,269,"Sugars, total",LCCS,0.0,g
45005057,291,"Fiber, total dietary",LCCD,0.0,g
45005057,301,"Calcium, Ca",LCCD,0.0,mg
45005057,303,"Iron, Fe",LCCD,0.0,mg
45005057,307,"Sodium, Na",LCCS,1214.0,mg
45005057,318,"Vitamin A, IU",LCCD,0.0,IU
45005057,401,"Vitamin C, total ascorbic acid",LCCD,0.0,mg
45005057,601,Cholesterol,LCCD,0.0,mg
45005057,605,"Fatty acids, total trans",LCCS,0.0,g
45005057,606,"Fatty acids, total saturated",LCCD,0.0,g
45005081,203,Protein,LCCS,0.0,g
45005081,204,Total lipid (fat),LCCD,0.0,g
45005081,205,"Carbohydrate, by difference",LCCS,88.89,g
45005081,208,Energy,LCCS,222.0,kcal
45005081,269,"Sugars, total",LCCS,22.22,g
45005081,307,"Sodium, Na",LCCD,0.0,mg
45005081,605,"Fatty acids, total trans",LCCS,0.0,g
45005218,203,Protein,LCCS,4.23,g
45005218,204,Total lipid (fat),LCCS,9.86,g
45005218,205,"Carbohydrate, by difference",LCCS,32.39,g
45005218,208,Energy,LCCS,225.0,kcal
45005218,269,"Sugars, total",LCCS,23.94,g
45005218,291,"Fiber, total dietary",LCCD,0.0,g
45005218,301,"Calcium, Ca",LCCD,113.0,mg
45005218,303,"Iron, Fe",LCCD,0.0,mg
45005218,307,"Sodium, Na",LCCS,99.0,mg
45005218,318,"Vitamin A, IU",LCCD,423.0,IU
45005218,401,"Vitamin C, total ascorbic acid",LCCD,0.0,mg
45005218,601,Cholesterol,LCCS,21.0,mg
45005218,605,"Fatty acids, total trans",LCCS,0.0,g
45005218,606,"Fatty acids, total saturated",LCCS,4.23,g
45005235,203,Protein,LCCS,12.9,g
45005235,204,Total lipid (fat),LCCS,9.68,g
45005235,205,"Carbohydrate, by difference",LCCS,9.68,g
45005235,208,Energy,LCCS,161.0,kcal
45005235,269,"Sugars, total",LCCS,6.45,g
45005235,291,"Fiber, total dietary",LCCD,0.0,g
45005235,301,"Calcium, Ca",LCCD,258.0,mg
45005235,303,"Iron, Fe",LCCD,0.0,mg
45005235,307,"Sodium, Na",LCCS,774.0,mg
45005235,318,"Vitamin A, IU",LCCD,968.0,IU
45005235,401,"Vitamin C, total ascorbic acid",LCCD,7.7,mg
45005235,601,Cholesterol,LCCS,32.0,mg
45005235,605,"Fatty acids, total trans",LCCS,0.0,g
45005235,606,"Fatty acids, total saturated",LCCS,3.23,g
45005239,203,Protein,LCCS,13.33,g
45005239,204,Total lipid (fat),LCCS,43.33,g
45005239,205,"Carbohydrate, by difference",LCCD,0.0,g
45005239,208,Energy,LCCS,433.0,kcal
45005239,269,"Sugars, total",LCCS,0.0,g
45005239,291,"Fiber, total dietary",LCCD,0.0,g
45005239,301,"Calcium, Ca",LCCD,333.0,mg
45005239,303,"Iron, Fe",LCCD,0.0,mg
45005239,307,"Sodium, Na",LCCS,567.0,mg
45005239,318,"Vitamin A, IU",LCCD,1000.0,IU
45005239,401,"Vitamin C, total ascorbic acid",LCCD,8.0,mg
45005239,601,Cholesterol,LCCS,67.0,mg
45005239,605,"Fatty acids, total trans",LCCS,0.0,g
45005239,606,"Fatty acids, total saturated",LCCS,16.67,g
45005240,203,Protein,LCCS,13.33,g
45005240,204,Total lipid (fat),LCCS,40.0,g
45005240,205,"Carbohydrate, by difference",LCCD,0.0,g
45005240,208,Energy,LCCS,433.0,kcal
45005240,269,"Sugars, total",LCCS,0.0,g
45005240,291,"Fiber, total dietary",LCCD,0.0,g
45005240,301,"Calcium, Ca",LCCD,333.0,mg
45005240,303,"Iron, Fe",LCCD,0.0,mg
45005240,307,"Sodium, Na",LCCS,567.0,mg
45005240,318,"Vitamin A, IU",LCCD,1000.0,IU
45005240,401,"Vitamin C, total ascorbic acid",LCCD,8.0,mg
45005240,601,Cholesterol,LCCS,67.0,mg
45005240,605,"Fatty acids, total trans",LCCS,0.0,g
45005240,606,"Fatty acids, total saturated",LCCS,16.67,g
45005251,203,Protein,LCCS,3.12,g
45005251,204,Total lipid (fat),LCCS,12.5,g
45005251,205,"Carbohydrate, by difference",LCCS,28.12,g
45005251,208,Energy,LCCS,234.0,kcal
45005251,269,"Sugars, total",LCSL,1.56,g
45005251,291,"Fiber, total dietary",LCCS,3.1,g
45005251,301,"Calcium, Ca",LCCD,0.0,mg
45005251,303,"Iron, Fe",LCCD,0.56,mg
45005251,306,"Potassium, K",LCCS,469.0,mg
45005251,307,"Sodium, Na",LCCS,422.0,mg
45005251,318,"Vitamin A, IU",LCCD,0.0,IU
45005251,401,"Vitamin C, total ascorbic acid",LCCD,7.5,mg
45005251,601,Cholesterol,LCCD,0.0,mg
45005251,605,"Fatty acids, total trans",LCCS,0.0,g
45005251,606,"Fatty acids, total saturated",LCCS,3.12,g
45005251,645,"Fatty acids, total monounsaturated",LCCS,6.25,g
45005251,646,"Fatty acids, total polyunsaturated",LCCS,3.12,g
45005253,203,Protein,LCCS,35.71,g
45005253,204,Total lipid (fat),LCCS,35.71,g
45005253,205,"Carbohydrate, by difference",LCCD,0.0,g
45005253,208,Energy,LCCS,500.0,kcal
45005253,269,"Sugars, total",LCCS,0.0,g
45005253,291,"Fiber, total dietary",LCCD,0.0,g
45005253,301,"Calcium, Ca",LCCD,0.0,mg
45005253,303,"Iron, Fe",LCCD,0.0,mg
45005253,307,"Sodium, Na",LCCS,2071.0,mg
45005253,318,"Vitamin A, IU",LCCD,0.0,IU
45005253,401,"Vitamin C, total ascorbic acid",LCCD,0.0,mg
45005253,601,Cholesterol,LCCS,143.0,mg
45005253,605,"Fatty acids, total trans",LCCS,0.0,g
45005253,606,"Fatty acids, total saturated",LCCS,14.29,g
45005261,203,Protein,LCCS,25.0,g
45005261,204,Total lipid (fat),LCCS,41.67,g
45005261,205,"Carbohydrate, by difference",LCCD,0.0,g
45005261,208,Energy,LCCS,500.0,kcal
45005261,269,"Sugars, total",LCCS,0.0,g
45005261,291,"Fiber, total dietary",LCCD,0.0,g
45005261,301,"Calcium, Ca",LCCD,0.0,mg
45005261,303,"Iron, Fe",LCCD,3.0,mg
45005261,307,"Sodium, Na",LCCS,1833.0,mg
45005261,318,"Vitamin A, IU",LCCD,0.0,IU
45005261,401,"Vitamin C, total ascorbic acid",LCCD,0.0,mg
45005261,601,Cholesterol,LCCS,125.0,mg
45005261,605,"Fatty acids, total trans",LCCS,0.0,g
45005261,606,"Fatty acids, total saturated",LCCS,16.67,g
45005281,203,Protein,LCCS,0.0,g
45005281,204,Total lipid (fat),LCCD,0.0,g
45005281,205,"Carbohydrate, by difference",LCCS,29.41,g
45005281,208,Energy,LCCS,59.0,kcal
45005281,269,"Sugars, total",LCCS,0.0,g
45005281,291,"Fiber, total dietary",LCCD,0.0,g
45005281,301,"Calcium, Ca",LCCD,0.0,mg
45005281,303,"Iron, Fe",LCCD,0.0,mg
45005281,306,"Potassium, K",LCCS,59.0,mg
45005281,307,"Sodium, Na",LCCD,0.0,mg
45005281,318,"Vitamin A, IU",LCCD,0.0,IU
45005281,401,"Vitamin C, total ascorbic acid",LCCD,0.0,mg
45005281,601,Cholesterol,LCCD,0.0,mg
45005281,605,"Fatty acids, total trans",LCCS,0.0,g
45005281,606,"Fatty acids, total saturated",LCCD,0.0,g
45005281,645,"Fatty acids, total monounsaturated",LCCS,0.0,g
45005281,646,"Fatty acids, total polyunsaturated",LCCS,0.0,g
45005282,203,Protein,LCCD,0.0,g
45005282,204,Total lipid (fat),LCCD,0.0,g
45005282,205,"Carbohydrate, by difference",LCCS,80.95,g
45005282,208,Energy,LCCS,238.0,kcal
45005282,261,Sorbitol,LCCS,10.0,g
45005282,269,"Sugars, total",LCCS,0.0,g
45005282,306,"Potassium, K",LCCS,38.0,mg
45005282,307,"Sodium, Na",LCCD,0.0,mg
45005419,203,Protein,LCCS,1.64,g
45005419,204,Total lipid (fat),LCCS,2.46,g
45005419,205,"Carbohydrate, by difference",LCCS,8.2,g
45005419,208,Energy,LCCS,66.0,kcal
45005419,269,"Sugars, total",LCCS,4.92,g
45005419,291,"Fiber, total dietary",LCCS,1.6,g
45005419,301,"Calcium, Ca",LCCD,0.0,mg
45005419,303,"Iron, Fe",LCCD,0.59,mg
45005419,307,"Sodium, Na",LCCS,393.0,mg
45005419,318,"Vitamin A, IU",LCCD,820.0,IU
45005419,401,"Vitamin C, total ascorbic acid",LCCD,2.0,mg
45005419,601,Cholesterol,LCCD,0.0,mg
45005419,605,"Fatty acids, total trans",LCCS,0.0,g
45005419,606,"Fatty acids, total saturated",LCCD,0.0,g
45005464,203,Protein,LCCS,10.22,g
45005464,204,Total lipid (fat),LCCS,9.33,g
45005464,205,"Carbohydrate, by difference",LCCS,17.33,g
45005464,208,Energy,LCCS,200.0,kcal
45005464,269,"Sugars, total",LCCS,2.22,g
45005464,291,"Fiber, total dietary",LCCS,0.9,g
45005464,301,"Calcium, Ca",LCCD,178.0,mg
45005464,303,"Iron, Fe",LCCD,0.8,mg
45005464,307,"Sodium, Na",LCCS,360.0,mg
45005464,318,"Vitamin A, IU",LCCD,133.0,IU
45005464,401,"Vitamin C, total ascorbic acid",LCCD,0.5,mg
45005464,601,Cholesterol,LCCS,27.0,mg
45005464,605,"Fatty acids, total trans",LCCS,0.0,g
45005464,606,"Fatty acids, total saturated",LCCS,5.78,g
45005471,203,Protein,LCCS,2.47,g
45005471,204,Total lipid (fat),LCCS,3.53,g
45005471,205,"Carbohydrate, by difference",LCCS,21.2,g
45005471,208,Energy,LCCS,124.0,kcal
45005471,269,"Sugars, total",LCCS,1.77,g
45005471,291,"Fiber, total dietary",LCCS,1.1,g
45005471,301,"Calcium, Ca",LCCD,14.0,mg
45005471,303,"Iron, Fe",LCCD,0.51,mg
45005471,307,"Sodium, Na",LCCS,240.0,mg
45005471,318,"Vitamin A, IU",LCCD,353.0,IU
45005471,401,"Vitamin C, total ascorbic acid",LCCD,6.4,mg
45005471,601,Cholesterol,LCCD,0.0,mg
45005471,605,"Fatty acids, total trans",LCCS,0.0,g
45005471,606,"Fatty acids, total saturated",LCCS,0.35,g
45005495,203,Protein,LCCS,9.09,g
45005495,204,Total lipid (fat),LCCS,9.09,g
45005495,205,"Carbohydrate, by difference",LCCS,32.47,g
45005495,208,Energy,LCCS,253.0,kcal
45005495,269,"Sugars, total",LCCS,7.79,g
45005495,291,"Fiber, total dietary",LCCS,1.3,g
45005495,301,"Calcium, Ca",LCCD,162.0,mg
45005495,303,"Iron, Fe",LCCD,2.34,mg
45005495,306,"Potassium, K",LCCS,253.0,mg
45005495,307,"Sodium, Na",LCCS,597.0,mg
45005495,318,"Vitamin A, IU",LCCD,260.0,IU
45005495,401,"Vitamin C, total ascorbic acid",LCCD,0.0,mg
45005495,601,Cholesterol,LCCS,16.0,mg
45005495,605,"Fatty acids, total trans",LCCS,0.0,g
45005495,606,"Fatty acids, total saturated",LCCS,5.19,g
45005536,203,Protein,LCCS,14.85,g
45005536,204,Total lipid (fat),LCCS,2.97,g
45005536,205,"Carbohydrate, by difference",LCCS,0.99,g
45005536,208,Energy,LCCS,89.0,kcal
45005536,301,"Calcium, Ca",LCCD,20.0,mg
45005536,303,"Iron, Fe",LCCD,0.36,mg
45005536,306,"Potassium, K",LCCS,356.0,mg
45005536,307,"Sodium, Na",LCCS,396.0,mg
45005536,317,"Selenium, Se",LCCD,28.0,mcg
45005536,601,Cholesterol,LCCS,50.0,mg
45005536,605,"Fatty acids, total trans",LCCS,0.0,g
45005536,606,"Fatty acids, total saturated",LCCS,0.5,g
45005536,645,"Fatty acids, total monounsaturated",LCCS,0.99,g
45005536,646,"Fatty acids, total polyunsaturated",LCCS,0.5,g
45005547,203,Protein,LCCS,0.0,g
45005547,204,Total lipid (fat),LCCS,78.57,g
45005547,205,"Carbohydrate, by difference",LCCD,0.0,g
45005547,208,Energy,LCCS,714.0,kcal
45005547,269,"Sugars, total",LCCS,0.0,g
45005547,291,"Fiber, total dietary",LCCD,0.0,g
45005547,301,"Calcium, Ca",LCCD,0.0,mg
45005547,303,"Iron, Fe",LCCD,0.0,mg
45005547,306,"Potassium, K",LCCD,0.0,mg
45005547,307,"Sodium, Na",LCCS,679.0,mg
45005547,318,"Vitamin A, IU",LCCD,2857.0,IU
45005547,401,"Vitamin C, total ascorbic acid",LCCD,0.0,mg
45005547,601,Cholesterol,LCCS,214.0,mg
45005547,605,"Fatty acids, total trans",LCCS,0.0,g
45005547,606,"Fatty acids, total saturated",LCCS,50.0,g
45005547,645,"Fatty acids, total monounsaturated",LCCS,21.43,g
45005547,646,"Fatty acids, total polyunsaturated",LCCS,0.0,g
45005563,203,Protein,LCCS,33.33,g
45005563,204,Total lipid (fat),LCCS,33.33,g
45005563,205,"Carbohydrate, by difference",LCCD,0.0,g
45005563,208,Energy,LCCS,467.0,kcal
45005563,269,"Sugars, total",LCCS,0.0,g
45005563,291,"Fiber, total dietary",LCCD,0.0,g
45005563,301,"Calcium, Ca",LCCD,0.0,mg
45005563,303,"Iron, Fe",LCCD,0.0,mg
45005563,307,"Sodium, Na",LCCS,2000.0,mg
45005563,318,"Vitamin A, IU",LCCD,0.0,IU
45005563,401,"Vitamin C, total ascorbic acid",LCCD,0.0,mg
45005563,601,Cholesterol,LCCS,133.0,mg
45005563,605,"Fatty acids, total trans",LCCS,0.0,g
45005563,606,"Fatty acids, total saturated",LCCS,13.33,g
45005639,203,Protein,LCCS,3.54,g
45005639,204,Total lipid (fat),LCCS,1.33,g
45005639,205,"Carbohydrate, by difference",LCCS,15.93,g
45005639,208,Energy,LCCS,88.0,kcal
45005639,269,"Sugars, total",LCCS,12.39,g
45005639,291,"Fiber, total dietary",LCCS,2.7,g
45005639,301,"Calcium, Ca",LCCD,133.0,mg
45005639,307,"Sodium, Na",LCCS,53.0,mg
45005639,324,Vitamin D,LCCD,35.0,IU
45005639,601,Cholesterol,LCCS,4.0,mg
45005639,606,"Fatty acids, total saturated",LCCS,0.88,g
45005656,203,Protein,LCCS,12.5,g
45005656,204,Total lipid (fat),LCCS,1.79,g
45005656,205,"Carbohydrate, by difference",LCCS,73.21,g
45005656,208,Energy,LCCS,357.0,kcal
45005656,269,"Sugars, total",LCCS,3.57,g
45005656,291,"Fiber, total dietary",LCCS,3.6,g
45005656,301,"Calcium, Ca",LCCD,0.0,mg
45005656,303,"Iron, Fe",LCCD,0.0,mg
45005656,306,"Potassium, K",LCCS,188.0,mg
45005656,307,"Sodium, Na",LCCD,0.0,mg
45005656,318,"Vitamin A, IU",LCCD,0.0,IU
45005656,401,"Vitamin C, total ascorbic acid",LCCD,0.0,mg
45005656,404,Thiamin,LCCD,1.0,mg
45005656,405,Riboflavin,LCCD,0.455,mg
45005656,406,Niacin,LCCD,7.143,mg
45005656,601,Cholesterol,LCCD,0.0,mg
45005656,605,"Fatty acids, total trans",LCCS,0.0,g
45005656,606,"Fatty acids, total saturated",LCCD,0.0,g
45005656,645,"Fatty acids, total monounsaturated",LCCS,0.0,g
45005656,646,"Fatty acids, total polyunsaturated",LCCS,0.89,g
45005700,203,Protein,LCCS,0.0,g
45005700,204,Total lipid (fat),LCCD,0.0,g
45005700,205,"Carbohydrate, by difference",LCCS,29.41,g
45005700,208,Energy,LCCS,59.0,kcal
45005700,269,"Sugars, total",LCCS,0.0,g
45005700,291,"Fiber, total dietary",LCCS,17.6,g
45005700,307,"Sodium, Na",LCCD,0.0,mg
45005709,203,Protein,LCCS,0.0,g
45005709,204,Total lipid (fat),LCCD,0.0,g
45005709,205,"Carbohydrate, by difference",LCCS,17.7,g
45005709,208,Energy,LCCS,71.0,kcal
45005709,269,"Sugars, total",LCCS,16.81,g
45005709,291,"Fiber, total dietary",LCCS,1.8,g
45005709,301,"Calcium, Ca",LCCD,0.0,mg
45005709,303,"Iron, Fe",LCCD,0.0,mg
45005709,306,"Potassium, K",LCCS,53.0,mg
45005709,307,"Sodium, Na",LCCS,9.0,mg
45005709,318,"Vitamin A, IU",LCCD,0.0,IU
45005709,401,"Vitamin C, total ascorbic acid",LCCD,10.6,mg
45005709,601,Cholesterol,LCCD,0.0,mg
45005709,605,"Fatty acids, total trans",LCCS,0.0,g
45005709,606,"Fatty acids, total saturated",LCCD,0.0,g
45005709,645,"Fatty acids, total monounsaturated",LCCS,0.0,g
45005709,646,"Fatty acids, total polyunsaturated",LCCS,0.0,g
45005710,203,Protein,LCCS,0.0,g
45005710,204,Total lipid (fat),LCCD,0.0,g
45005710,205,"Carbohydrate, by difference",LCCS,10.62,g
45005710,208,Energy,LCCS,44.0,kcal
45005710,269,"Sugars, total",LCCS,7.08,g
45005710,291,"Fiber, total dietary",LCCS,1.8,g
45005710,301,"Calcium, Ca",LCCD,0.0,mg
45005710,303,"Iron, Fe",LCCD,0.0,mg
45005710,306,"Potassium, K",LCCS,62.0,mg
45005710,307,"Sodium, Na",LCCS,9.0,mg
45005710,318,"Vitamin A, IU",LCCD,0.0,IU
45005710,401,"Vitamin C, total ascorbic acid",LCCD,0.0,mg
45005710,601,Cholesterol,LCCD,0.0,mg
45005710,605,"Fatty acids, total trans",LCCS,0.0,g
45005710,606,"Fatty acids, total saturated",LCCD,0.0,g
45005710,645,"Fatty acids, total monounsaturated",LCCS,0.0,g
45005710,646,"Fatty acids, total polyunsaturated",LCCS,0.0,g
45005713,203,Protein,LCCS,0.0,g
45005713,204,Total lipid (fat),LCCD,0.0,g
45005713,205,"Carbohydrate, by difference",LCCS,17.7,g
45005713,208,Energy,LCCS,71.0,kcal
45005713,269,"Sugars, total",LCCS,16.81,g
45005713,291,"Fiber, total dietary",LCCS,1.8,g
45005713,301,"Calcium, Ca",LCCD,0.0,mg
45005713,303,"Iron, Fe",LCCD,0.0,mg
45005713,306,"Potassium, K",LCCS,53.0,mg
45005713,307,"Sodium, Na",LCCS,9.0,mg
45005713,318,"Vitamin A, IU",LCCD,0.0,IU
45005713,401,"Vitamin C, total ascorbic acid",LCCD,10.6,mg
45005713,601,Cholesterol,LCCD,0.0,mg
45005713,605,"Fatty acids, total trans",LCCS,0.0,g
45005713,606,"Fatty acids, total saturated",LCCD,0.0,g
45005713,645,"Fatty acids, total monounsaturated",LCCS,0.0,g
45005713,646,"Fatty acids, total polyunsaturated",LCCS,0.0,g
45005718,203,Protein,LCCS,40.0,g
45005718,204,Total lipid (fat),LCCD,0.0,g
45005718,205,"Carbohydrate, by difference",LCCD,0.0,g
45005718,208,Energy,LCCS,200.0,kcal
45005718,269,"Sugars, total",LCCS,0.0,g
45005718,291,"Fiber, total dietary",LCCD,0.0,g
45005718,301,"Calcium, Ca",LCCD,0.0,mg
45005718,303,"Iron, Fe",LCCD,0.0,mg
45005718,306,"Potassium, K",LCCD,0.0,mg
45005718,307,"Sodium, Na",LCCS,2400.0,mg
45005718,318,"Vitamin A, IU",LCCD,0.0,IU
45005718,401,"Vitamin C, total ascorbic acid",LCCD,0.0,mg
45005718,601,Cholesterol,LCCD,0.0,mg
45005718,605,"Fatty acids, total trans",LCCS,0.0,g
45005718,606,"Fatty acids, total saturated",LCCD,0.0,g
45005718,645,"Fatty acids, total monounsaturated",LCCS,0.0,g
45005718,646,"Fatty acids, total polyunsaturated",LCCS,0.0,g
45005722,203,Protein,LCCS,80.0,g
45005722,204,Total lipid (fat),LCCD,0.0,g
45005722,205,"Carbohydrate, by difference",LCCD,0.0,g
45005722,208,Energy,LCCS,400.0,kcal
45005722,269,"Sugars, total",LCCS,0.0,g
45005722,291,"Fiber, total dietary",LCCD,0.0,g
45005722,301,"Calcium, Ca",LCCD,0.0,mg
45005722,303,"Iron, Fe",LCCD,0.0,mg
45005722,306,"Potassium, K",LCCD,0.0,mg
45005722,307,"Sodium, Na",LCCS,2000.0,mg
45005722,318,"Vitamin A, IU",LCCD,0.0,IU
45005722,401,"Vitamin C, total ascorbic acid",LCCD,0.0,mg
45005722,601,Cholesterol,LCCD,0.0,mg
45005722,605,"Fatty acids, total trans",LCCS,0.0,g
45005722,606,"Fatty acids, total saturated",LCCD,0.0,g
45005722,645,"Fatty acids, total monounsaturated",LCCS,0.0,g
45005722,646,"Fatty acids, total polyunsaturated",LCCS,0.0,g
45005723,203,Protein,LCCS,9.52,g
45005723,204,Total lipid (fat),LCCD,0.0,g
45005723,205,"Carbohydrate, by difference",LCCS,85.71,g
45005723,208,Energy,LCCS,381.0,kcal
45005723,269,"Sugars, total",LCCS,85.71,g
45005723,291,"Fiber, total dietary",LCCD,0.0,g
45005723,301,"Calcium, Ca",LCCD,0.0,mg
45005723,303,"Iron, Fe",LCCD,0.0,mg
45005723,306,"Potassium, K",LCCD,0.0,mg
45005723,307,"Sodium, Na",LCCS,429.0,mg
45005723,324,Vitamin D,LCCD,0.0,IU
45005723,539,"Sugars, added",LCCS,85.7,g
45005723,601,Cholesterol,LCCD,0.0,mg
45005723,605,"Fatty acids, total trans",LCCS,0.0,g
45005723,606,"Fatty acids, total saturated",LCCD,0.0,g
45005725,203,Protein,LCCS,4.76,g
45005725,204,Total lipid (fat),LCCD,0.0,g
45005725,205,"Carbohydrate, by difference",LCCS,85.71,g
45005725,208,Energy,LCCS,381.0,kcal
45005725,269,"Sugars, total",LCCS,85.71,g
45005725,291,"Fiber, total dietary",LCCD,0.0,g
45005725,301,"Calcium, Ca",LCCD,0.0,mg
45005725,303,"Iron, Fe",LCCD,0.0,mg
45005725,306,"Potassium, K",LCCD,0.0,mg
45005725,307,"Sodium, Na",LCCS,381.0,mg
45005725,318,"Vitamin A, IU",LCCD,0.0,IU
45005725,401,"Vitamin C, total ascorbic acid",LCCD,0.0,mg
45005725,601,Cholesterol,LCCD,0.0,mg
45005725,605,"Fatty acids, total trans",LCCS,0.0,g
45005725,606,"Fatty acids, total saturated",LCCD,0.0,g
45005725,645,"Fatty acids, total monounsaturated",LCCS,0.0,g
45005725,646,"Fatty acids, total polyunsaturated",LCCS,0.0,g
45005727,203,Protein,LCCS,0.0,g
45005727,204,Total lipid (fat),LCCD,0.0,g
45005727,205,"Carbohydrate, by difference",LCCS,13.93,g
45005727,208,Energy,LCCS,57.0,kcal
45005727,269,"Sugars, total",LCCS,12.3,g
45005727,291,"Fiber, total dietary",LCCS,0.8,g
45005727,301,"Calcium, Ca",LCCD,0.0,mg
45005727,303,"Iron, Fe",LCCD,0.3,mg
45005727,306,"Potassium, K",LCCS,123.0,mg
45005727,307,"Sodium, Na",LCCS,8.0,mg
45005727,318,"Vitamin A, IU",LCCD,0.0,IU
45005727,401,"Vitamin C, total ascorbic acid",LCCD,9.8,mg
45005727,601,Cholesterol,LCCD,0.0,mg
45005727,605,"Fatty acids, total trans",LCCS,0.0,g
45005727,606,"Fatty acids, total saturated",LCCD,0.0,g
45005727,645,"Fatty acids, total monounsaturated",LCCS,0.0,g
45005727,646,"Fatty acids, total polyunsaturated",LCCS,0.0,g
45005733,203,Protein,LCCS,0.82,g
45005733,204,Total lipid (fat),LCCS,0.41,g
45005733,205,"Carbohydrate, by difference",LCCS,8.2,g
45005733,208,Energy,LCCS,41.0,kcal
45005733,269,"Sugars, total",LCCS,4.1,g
45005733,291,"Fiber, total dietary",LCCS,2.5,g
45005733,301,"Calcium, Ca",LCCD,16.0,mg
45005733,303,"Iron, Fe",LCCD,0.89,mg
45005733,306,"Potassium, K",LCCS,287.0,mg
45005733,307,"Sodium, Na",LCCS,4.0,mg
45005733,318,"Vitamin A, IU",LCCD,10246.0,IU
45005733,401,"Vitamin C, total ascorbic acid",LCCD,2.0,mg
45005733,601,Cholesterol,LCCD,0.0,mg
45005733,605,"Fatty acids, total trans",LCCS,0.0,g
45005733,606,"Fatty acids, total saturated",LCCD,0.0,g
45005733,645,"Fatty acids, total monounsaturated",LCCS,0.0,g
45005733,646,"Fatty acids, total polyunsaturated",LCCS,0.0,g
45005735,203,Protein,LCCS,0.0,g
45005735,204,Total lipid (fat),LCCD,0.0,g
45005735,205,"Carbohydrate, by difference",LCCS,8.24,g
45005735,208,Energy,LCCS,35.0,kcal
45005735,269,"Sugars, total",LCCS,7.06,g
45005735,291,"Fiber, total dietary",LCCS,1.2,g
45005735,301,"Calcium, Ca",LCCD,0.0,mg
45005735,303,"Iron, Fe",LCCD,0.0,mg
45005735,306,"Potassium, K",LCCS,47.0,mg
45005735,307,"Sodium, Na",LCCS,12.0,mg
45005735,318,"Vitamin A, IU",LCCD,0.0,IU
45005735,401,"Vitamin C, total ascorbic acid",LCCD,0.0,mg
45005735,601,Cholesterol,LCCD,0.0,mg
45005735,605,"Fatty acids, total trans",LCCS,0.0,g
45005735,606,"Fatty acids, total saturated",LCCD,0.0,g
45005735,645,"Fatty acids, total monounsaturated",LCCS,0.0,g
45005735,646,"Fatty acids, total polyunsaturated",LCCS,0.0,g
45005744,203,Protein,LCCS,12.5,g
45005744,204,Total lipid (fat),LCCS,1.79,g
45005744,205,"Carbohydrate, by difference",LCCS,73.21,g
45005744,208,Energy,LCCS,357.0,kcal
45005744,269,"Sugars, total",LCCS,3.57,g
45005744,291,"Fiber, total dietary",LCCS,3.6,g
45005744,301,"Calcium, Ca",LCCD,0.0,mg
45005744,303,"Iron, Fe",LCCD,3.21,mg
45005744,306,"Potassium, K",LCCS,188.0,mg
45005744,307,"Sodium, Na",LCCD,0.0,mg
45005744,318,"Vitamin A, IU",LCCD,0.0,IU
45005744,401,"Vitamin C, total ascorbic acid",LCCD,0.0,mg
45005744,404,Thiamin,LCCD,1.0,mg
45005744,405,Riboflavin,LCCD,0.455,mg
45005744,406,Niacin,LCCD,7.143,mg
45005744,601,Cholesterol,LCCD,0.0,mg
45005744,605,"Fatty acids, total trans",LCCS,0.0,g
45005744,606,"Fatty acids, total saturated",LCCD,0.0,g
45005744,645,"Fatty acids, total monounsaturated",LCCS,0.0,g
45005744,646,"Fatty acids, total polyunsaturated",LCCS,0.89,g
45005746,203,Protein,LCCS,12.5,g
45005746,204,Total lipid (fat),LCCS,1.79,g
45005746,205,"Carbohydrate, by difference",LCCS,73.21,g
45005746,208,Energy,LCCS,357.0,kcal
45005746,269,"Sugars, total",LCCS,3.57,g
45005746,291,"Fiber, total dietary",LCCS,3.6,g
45005746,301,"Calcium, Ca",LCCD,0.0,mg
45005746,303,"Iron, Fe",LCCD,3.21,mg
45005746,306,"Potassium, K",LCCS,188.0,mg
45005746,307,"Sodium, Na",LCCD,0.0,mg
45005746,318,"Vitamin A, IU",LCCD,0.0,IU
45005746,401,"Vitamin C, total ascorbic acid",LCCD,0.0,mg
45005746,404,Thiamin,LCCD,1.0,mg
45005746,405,Riboflavin,LCCD,0.455,mg
45005746,406,Niacin,LCCD,7.143,mg
45005746,601,Cholesterol,LCCD,0.0,mg
45005746,605,"Fatty acids, total trans",LCCS,0.0,g
45005746,606,"Fatty acids, total saturated",LCCD,0.0,g
45005746,645,"Fatty acids, total monounsaturated",LCCS,0.0,g
45005746,646,"Fatty acids, total polyunsaturated",LCCS,0.89,g
45005749,203,Protein,LCCS,12.5,g
45005749,204,Total lipid (fat),LCCS,1.79,g
45005749,205,"Carbohydrate, by difference",LCCS,73.21,g
45005749,208,Energy,LCCS,357.0,kcal
45005749,269,"Sugars, total",LCCS,3.57,g
45005749,291,"Fiber, total dietary",LCCS,3.6,g
45005749,301,"Calcium, Ca",LCCD,0.0,mg
45005749,303,"Iron, Fe",LCCD,3.21,mg
45005749,306,"Potassium, K",LCCS,188.0,mg
45005749,307,"Sodium, Na",LCCD,0.0,mg
45005749,318,"Vitamin A, IU",LCCD,0.0,IU
45005749,401,"Vitamin C, total ascorbic acid",LCCD,0.0,mg
45005749,404,Thiamin,LCCD,1.0,mg
45005749,405,Riboflavin,LCCD,0.455,mg
45005749,406,Niacin,LCCD,7.143,mg
45005749,601,Cholesterol,LCCD,0.0,mg
45005749,605,"Fatty acids, total trans",LCCS,0.0,g
45005749,606,"Fatty acids, total saturated",LCCD,0.0,g
45005749,645,"Fatty acids, total monounsaturated",LCCS,0.0,g
45005749,646,"Fatty acids, total polyunsaturated",LCCS,0.89,g
45005756,203,Protein,LCCS,12.5,g
45005756,204,Total lipid (fat),LCCS,2.68,g
45005756,205,"Carbohydrate, by difference",LCCS,73.21,g
45005756,208,Energy,LCCS,375.0,kcal
45005756,269,"Sugars, total",LCCS,3.57,g
45005756,291,"Fiber, total dietary",LCCS,8.9,g
45005756,301,"Calcium, Ca",LCCD,36.0,mg
45005756,303,"Iron, Fe",LCCD,3.21,mg
45005756,306,"Potassium, K",LCCS,375.0,mg
45005756,307,"Sodium, Na",LCCD,0.0,mg
45005756,318,"Vitamin A, IU",LCCD,0.0,IU
45005756,401,"Vitamin C, total ascorbic acid",LCCD,0.0,mg
45005756,601,Cholesterol,LCCD,0.0,mg
45005756,605,"Fatty acids, total trans",LCCS,0.0,g
45005756,606,"Fatty acids, total saturated",LCCD,0.0,g
45005756,645,"Fatty acids, total monounsaturated",LCCS,0.0,g
45005756,646,"Fatty acids, total polyunsaturated",LCCS,1.79,g
45005781,203,Protein,LCCS,12.5,g
45005781,204,Total lipid (fat),LCCS,1.79,g
45005781,205,"Carbohydrate, by difference",LCCS,73.21,g
45005781,208,Energy,LCCS,357.0,kcal
45005781,269,"Sugars, total",LCCS,3.57,g
45005781,291,"Fiber, total dietary",LCCS,3.6,g
45005781,301,"Calcium, Ca",LCCD,0.0,mg
45005781,303,"Iron, Fe",LCCD,3.21,mg
45005781,306,"Potassium, K",LCCS,188.0,mg
45005781,307,"Sodium, Na",LCCD,0.0,mg
45005781,318,"Vitamin A, IU",LCCD,0.0,IU
45005781,401,"Vitamin C, total ascorbic acid",LCCD,0.0,mg
45005781,404,Thiamin,LCCD,1.0,mg
45005781,405,Riboflavin,LCCD,0.455,mg
45005781,406,Niacin,LCCD,7.143,mg
45005781,601,Cholesterol,LCCD,0.0,mg
45005781,605,"Fatty acids, total trans",LCCS,0.0,g
45005781,606,"Fatty acids, total saturated",LCCD,0.0,g
45005781,645,"Fatty acids, total monounsaturated",LCCS,0.0,g
45005781,646,"Fatty acids, total polyunsaturated",LCCS,0.89,g
45005803,203,Protein,LCCS,1.27,g
45005803,204,Total lipid (fat),LCCD,0.0,g
45005803,205,"Carbohydrate, by difference",LCCS,9.49,g
45005803,208,Energy,LCCS,44.0,kcal
45005803,269,"Sugars, total",LCCS,0.63,g
45005803,291,"Fiber, total dietary",LCCS,0.6,g
45005803,301,"Calcium, Ca",LCCD,25.0,mg
45005803,303,"Iron, Fe",LCCD,0.23,mg
45005803,306,"Potassium, K",LCCS,158.0,mg
45005803,307,"Sodium, Na",LCCS,152.0,mg
45005803,318,"Vitamin A, IU",LCCD,0.0,IU
45005803,401,"Vitamin C, total ascorbic acid",LCCD,5.7,mg
45005803,406,Niacin,LCCD,0.759,mg
45005803,415,Vitamin B-6,LCCD,0.051,mg
45005803,601,Cholesterol,LCCD,0.0,mg
45005803,605,"Fatty acids, total trans",LCCS,0.0,g
45005803,606,"Fatty acids, total saturated",LCCD,0.0,g
45005803,645,"Fatty acids, total monounsaturated",LCCS,0.0,g
45005803,646,"Fatty acids, total polyunsaturated",LCCS,0.0,g
45005805,203,Protein,LCSL,0.83,g
45005805,204,Total lipid (fat),LCCD,0.0,g
45005805,205,"Carbohydrate, by difference",LCCS,3.33,g
45005805,208,Energy,LCCS,17.0,kcal
45005805,269,"Sugars, total",LCCS,1.67,g
45005805,291,"Fiber, total dietary",LCCS,1.7,g
45005805,301,"Calcium, Ca",LCCD,17.0,mg
45005805,303,"Iron, Fe",LCCD,0.0,mg
45005805,306,"Potassium, K",LCCS,62.0,mg
45005805,307,"Sodium, Na",LCCS,275.0,mg
45005805,318,"Vitamin A, IU",LCCD,167.0,IU
45005805,401,"Vitamin C, total ascorbic acid",LCCD,3.0,mg
45005805,601,Cholesterol,LCCD,0.0,mg
45005805,605,"Fatty acids, total trans",LCCS,0.0,g
45005805,606,"Fatty acids, total saturated",LCCD,0.0,g
45005805,645,"Fatty acids, total monounsaturated",LCCS,0.0,g
45005805,646,"Fatty acids, total polyunsaturated",LCCS,0.0,g
45005864,203,Protein,LCCS,8.0,g
45005864,204,Total lipid (fat),LCCS,9.0,g
45005864,205,"Carbohydrate, by difference",LCCS,46.0,g
45005864,208,Energy,LCCS,300.0,kcal
45005864,269,"Sugars, total",LCCS,4.0,g
45005864,291,"Fiber, total dietary",LCCS,2.0,g
45005864,301,"Calcium, Ca",LCCS,20.0,mg
45005864,303,"Iron, Fe",LCCS,4.0,mg
45005864,306,"Potassium, K",LCCS,118.0,mg
45005864,307,"Sodium, Na",LCCS,540.0,mg
45005864,324,Vitamin D,LCCD,0.0,IU
45005864,539,"Sugars, added",LCCS,2.0,g
45005864,601,Cholesterol,LCCD,0.0,mg
45005864,605,"Fatty acids, total trans",LCCS,0.0,g
45005864,606,"Fatty acids, total saturated",LCCS,2.0,g
45005876,203,Protein,LCCS,5.38,g
45005876,204,Total lipid (fat),LCCS,1.15,g
45005876,205,"Carbohydrate, by difference",LCCS,17.69,g
45005876,208,Energy,LCCS,100.0,kcal
45005876,269,"Sugars, total",LCCS,4.62,g
45005876,291,"Fiber, total dietary",LCCS,5.4,g
45005876,301,"Calcium, Ca",LCCD,46.0,mg
45005876,303,"Iron, Fe",LCCD,1.38,mg
45005876,307,"Sodium, Na",LCCS,354.0,mg
45005876,318,"Vitamin A, IU",LCCD,154.0,IU
45005876,401,"Vitamin C, total ascorbic acid",LCCD,0.0,mg
45005876,601,Cholesterol,LCCD,0.0,mg
45005876,605,"Fatty acids, total trans",LCCS,0.0,g
45005876,606,"Fatty acids, total saturated",LCCS,0.38,g
45005944,203,Protein,LCCS,2.94,g
45005944,204,Total lipid (fat),LCCS,2.06,g
45005944,205,"Carbohydrate, by difference",LCCS,18.24,g
45005944,208,Energy,LCCS,100.0,kcal
45005944,269,"Sugars, total",LCCS,14.12,g
45005944,291,"Fiber, total dietary",LCCD,0.0,g
45005944,301,"Calcium, Ca",LCCD,118.0,mg
45005944,303,"Iron, Fe",LCCD,0.21,mg
45005944,305,"Phosphorus, P",LCCD,88.0,mg
45005944,307,"Sodium, Na",LCCS,65.0,mg
45005944,318,"Vitamin A, IU",LCCD,235.0,IU
45005944,324,Vitamin D,LCCD,47.0,IU
45005944,401,"Vitamin C, total ascorbic acid",LCCD,0.0,mg
45005944,601,Cholesterol,LCCS,3.0,mg
45005944,605,"Fatty acids, total trans",LCCS,0.0,g
45005944,606,"Fatty acids, total saturated",LCCS,0.88,g
45005976,203,Protein,LCCS,0.0,g
45005976,204,Total lipid (fat),LCCD,0.0,g
45005976,205,"Carbohydrate, by difference",LCCS,65.0,g
45005976,208,Energy,LCCS,250.0,kcal
45005976,269,"Sugars, total",LCCS,65.0,g
45005976,307,"Sodium, Na",LCCS,50.0,mg
